Daily update: Mon Oct 27 03:49:45 UTC 2025
Daily update: Mon Oct 27 07:42:33 UTC 2025
Daily update: Tue Oct 28 07:42:43 UTC 2025
Daily update: Wed Oct 29 07:43:59 UTC 2025
Daily update: Thu Oct 30 07:41:29 UTC 2025
Daily update: Fri Oct 31 07:41:28 UTC 2025
Daily update: Sat Nov  1 07:36:13 UTC 2025
Daily update: Sun Nov  2 07:36:38 UTC 2025
Daily update: Mon Nov  3 07:43:42 UTC 2025
Daily update: Tue Nov  4 07:43:06 UTC 2025
Daily update: Wed Nov  5 07:37:13 UTC 2025
Daily update: Thu Nov  6 07:37:05 UTC 2025
Daily update: Fri Nov  7 07:36:42 UTC 2025
Daily update: Sat Nov  8 07:33:58 UTC 2025
